{"filter":false,"title":"contact.json","tooltip":"/model/contact.json","undoManager":{"mark":17,"position":17,"stack":[[{"start":{"row":2,"column":9},"end":{"row":3,"column":18},"action":"insert","lines":["name\": \"oooohhjjjtjtjt\",","        \"p_id\": 18"],"id":1},{"start":{"row":3,"column":18},"end":{"row":13,"column":18},"action":"remove","lines":["p_id\": 18","    },","    {","        \"name\": \"allllllora\",","        \"p_id\": 20","    },","    {","        \"p_id\": 21","    },","    {","        \"p_id\": 22"]},{"start":{"row":16,"column":0},"end":{"row":25,"column":0},"action":"insert","lines":["    },","    {","        \"p_id\": 27","    },","    {","        \"p_id\": 28","    },","    {","        \"p_id\": 29",""]}],[{"start":{"row":25,"column":0},"end":{"row":28,"column":0},"action":"insert","lines":["    },","    {","        \"p_id\": 30",""],"id":2,"ignore":true}],[{"start":{"row":2,"column":17},"end":{"row":2,"column":31},"action":"remove","lines":["oooohhjjjtjtjt"],"id":3,"ignore":true},{"start":{"row":2,"column":17},"end":{"row":2,"column":23},"action":"insert","lines":["johnny"]}],[{"start":{"row":28,"column":0},"end":{"row":31,"column":0},"action":"insert","lines":["    },","    {","        \"p_id\": 31",""],"id":4,"ignore":true}],[{"start":{"row":2,"column":23},"end":{"row":2,"column":29},"action":"insert","lines":["brgood"],"id":5,"ignore":true}],[{"start":{"row":6,"column":0},"end":{"row":9,"column":0},"action":"remove","lines":["        \"p_id\": 23","    },","    {",""],"id":6,"ignore":true}],[{"start":{"row":28,"column":0},"end":{"row":31,"column":0},"action":"insert","lines":["    },","    {","        \"p_id\": 32",""],"id":7,"ignore":true}],[{"start":{"row":30,"column":0},"end":{"row":31,"column":0},"action":"insert","lines":["        \"name\": \"\",",""],"id":8,"ignore":true}],[{"start":{"row":30,"column":17},"end":{"row":30,"column":30},"action":"insert","lines":["oooohhhsilver"],"id":9,"ignore":true}],[{"start":{"row":6,"column":0},"end":{"row":9,"column":0},"action":"remove","lines":["        \"p_id\": 24","    },","    {",""],"id":10,"ignore":true}],[{"start":{"row":6,"column":0},"end":{"row":9,"column":0},"action":"remove","lines":["        \"p_id\": 25","    },","    {",""],"id":11,"ignore":true}],[{"start":{"row":6,"column":0},"end":{"row":9,"column":0},"action":"remove","lines":["        \"p_id\": 26","    },","    {",""],"id":12,"ignore":true}],[{"start":{"row":6,"column":0},"end":{"row":9,"column":0},"action":"remove","lines":["        \"p_id\": 27","    },","    {",""],"id":13,"ignore":true}],[{"start":{"row":6,"column":0},"end":{"row":9,"column":0},"action":"remove","lines":["        \"p_id\": 28","    },","    {",""],"id":14,"ignore":true}],[{"start":{"row":6,"column":0},"end":{"row":7,"column":0},"action":"insert","lines":["        \"name\": \"\",",""],"id":15,"ignore":true}],[{"start":{"row":6,"column":0},"end":{"row":10,"column":0},"action":"remove","lines":["        \"name\": \"\",","        \"p_id\": 29","    },","    {",""],"id":16,"ignore":true}],[{"start":{"row":6,"column":0},"end":{"row":9,"column":0},"action":"remove","lines":["        \"p_id\": 30","    },","    {",""],"id":17,"ignore":true}],[{"start":{"row":6,"column":0},"end":{"row":9,"column":0},"action":"remove","lines":["        \"p_id\": 31","    },","    {",""],"id":18,"ignore":true}]]},"ace":{"folds":[],"scrolltop":0,"scrollleft":0,"selection":{"start":{"row":6,"column":18},"end":{"row":6,"column":18},"isBackwards":false},"options":{"guessTabSize":true,"useWrapMode":false,"wrapToView":true},"firstLineState":0},"timestamp":1554389507798,"hash":"d0263792cfdea71a7437e57dcffb15e7ed6a960d"}